scenario,provider,region,sku,workers,workers_vcpu_total,workers_nominal_ram_gib_total,worker_hours_month,vm_usd_hour,vm_compute_usd_month,cluster_control_plane_usd_month,compute_cluster_usd_month,accuracy,excluded
targeted-demo,Azure AKS Standard,francecentral,Standard_D4as_v5,2,8,32,160,0.202,64.64,16.00,80.64,SECONDARY_COMPUTE_PLUS_OFFICIAL_CONTROL_PLANE,"persistent_storage;backups;registry;LB;NAT;network_egress;managed_db;messaging;observability;license;AI"
targeted-demo,AWS EKS Standard,eu-west-3,m6i.xlarge,2,8,32,160,0.224,71.68,16.00,87.68,SECONDARY_COMPUTE_PLUS_OFFICIAL_CONTROL_PLANE,"persistent_storage;backups;registry;LB;NAT;network_egress;managed_db;messaging;observability;license;AI"
targeted-demo,GCP GKE Standard,europe-west9,n2-standard-4,2,8,32,160,0.2253,72.10,16.00,88.10,SECONDARY_COMPUTE_PLUS_OFFICIAL_CONTROL_PLANE,"persistent_storage;backups;registry;LB;NAT;network_egress;managed_db;messaging;observability;license;AI"
portfolio-integration,Azure AKS Standard,francecentral,Standard_D4as_v5,6,24,96,730,0.202,884.76,73.00,957.76,SECONDARY_COMPUTE_PLUS_OFFICIAL_CONTROL_PLANE,"persistent_storage;backups;registry;LB;NAT;network_egress;managed_db;messaging;observability;license;AI"
portfolio-integration,AWS EKS Standard,eu-west-3,m6i.xlarge,6,24,96,730,0.224,981.12,73.00,1054.12,SECONDARY_COMPUTE_PLUS_OFFICIAL_CONTROL_PLANE,"persistent_storage;backups;registry;LB;NAT;network_egress;managed_db;messaging;observability;license;AI"
portfolio-integration,GCP GKE Standard,europe-west9,n2-standard-4,6,24,96,730,0.2253,986.81,73.00,1059.81,SECONDARY_COMPUTE_PLUS_OFFICIAL_CONTROL_PLANE,"persistent_storage;backups;registry;LB;NAT;network_egress;managed_db;messaging;observability;license;AI"
illustrative-ha,Azure AKS Standard,francecentral,Standard_D4as_v5,10,40,160,730,0.202,1474.60,73.00,1547.60,SECONDARY_COMPUTE_PLUS_OFFICIAL_CONTROL_PLANE,"persistent_storage;backups;registry;LB;NAT;network_egress;managed_db;messaging;observability;license;AI"
illustrative-ha,AWS EKS Standard,eu-west-3,m6i.xlarge,10,40,160,730,0.224,1635.20,73.00,1708.20,SECONDARY_COMPUTE_PLUS_OFFICIAL_CONTROL_PLANE,"persistent_storage;backups;registry;LB;NAT;network_egress;managed_db;messaging;observability;license;AI"
illustrative-ha,GCP GKE Standard,europe-west9,n2-standard-4,10,40,160,730,0.2253,1644.69,73.00,1717.69,SECONDARY_COMPUTE_PLUS_OFFICIAL_CONTROL_PLANE,"persistent_storage;backups;registry;LB;NAT;network_egress;managed_db;messaging;observability;license;AI"
